{
    "pyteseract": 15.123196448390678,
    "easyocr": 13.521642619311876,
    "cuneiform": 40.72807991120977
}